position,letter,freq_guess_list,freq_candidate_list
1,a,0.058435438265786996,0.06090712742980561
1,b,0.06752389928638751,0.07473002159827213
1,c,0.06530227548135183,0.08552915766738661
1,d,0.04948162111215834,0.04794816414686825
1,e,0.022216238050356805,0.031101511879049675
1,f,0.043422647098424666,0.05874730021598272
1,g,0.046115524437861856,0.04967602591792657
1,h,0.03581526861451461,0.029805615550755938
1,i,0.01211794802746735,0.01468682505399568
1,j,0.015147435034334186,0.008639308855291577
1,k,0.028881109465463847,0.008639308855291577
1,l,0.042076208428706074,0.03801295896328294
1,m,0.06402315874511916,0.04622030237580994
1,n,0.03150666487141511,0.015982721382289417
1,o,0.02369732058704726,0.017710583153347732
1,p,0.07607378483910057,0.061339092872570194
1,q,0.006934159149050761,0.009935205183585313
1,r,0.05352093712131412,0.04535637149028078
1,s,0.11215834118755891,0.15809935205183584
1,t,0.05937794533459001,0.06436285097192225
1,u,0.014608859566446749,0.014254859611231102
1,v,0.01911942911000404,0.018574514038876888
1,w,0.029217719132893498,0.035853131749460046
1,x,0.001211794802746735,0
1,y,0.013800996364615592,0.002591792656587473
1,z,0.008213275885283425,0.0012958963282937365
2,a,0.18049010367577756,0.13131749460043196
2,b,0.00727076881648041,0.006911447084233261
2,c,0.013935640231587451,0.017278617710583154
2,d,0.00727076881648041,0.008639308855291577
2,e,0.12501683048337148,0.10453563714902808
2,f,0.0024909115389793995,0.0034557235421166306
2,g,0.006328261747677393,0.005183585313174946
2,h,0.040662447825501546,0.06220302375809935
2,i,0.10758044971051568,0.08725701943844492
2,j,0.0008751851353170863,0.0008639308855291577
2,k,0.007674700417395988,0.004319654427645789
2,l,0.0521071765181096,0.08682505399568034
2,m,0.01420492796553117,0.016414686825053995
2,n,0.02612091019254073,0.03758099352051836
2,o,0.16251514743503434,0.1205183585313175
2,p,0.0167631614379965,0.026349892008639308
2,q,0.0010771509357748754,0.0021598272138228943
2,r,0.06860105022216238,0.11533477321814255
2,s,0.007607378483910058,0.006911447084233261
2,t,0.017234414972398006,0.03326133909287257
2,u,0.09209640500875185,0.08034557235421166
2,v,0.003837350208697994,0.0064794816414686825
2,w,0.011915982227009559,0.01900647948164147
2,x,0.004241281809613572,0.006047516198704104
2,y,0.020061936178807055,0.009935205183585313
2,z,0.0020196580045778916,0.0008639308855291577
3,a,0.09250033660966743,0.1326133909287257
3,b,0.02598626632556887,0.024622030237580993
3,c,0.031439342937929174,0.024190064794816415
3,d,0.031439342937929174,0.032397408207343416
3,e,0.06718728961895785,0.07645788336933046
3,f,0.013733674431129663,0.01079913606911447
3,g,0.028746465598491987,0.028941684665226782
3,h,0.009829002288945739,0.0038876889848812094
3,i,0.07896862797899555,0.11490280777537797
3,j,0.003971994075669854,0.0012958963282937365
3,k,0.022148916116870875,0.005183585313174946
3,l,0.06543691934832369,0.04838012958963283
3,m,0.03904672142183924,0.026349892008639308
3,n,0.07533324357075535,0.06004319654427646
3,o,0.07492931196983978,0.10539956803455723
3,p,0.028679143665006058,0.025053995680345574
3,q,0.001211794802746735,0.00043196544276457883
3,r,0.09115389793994884,0.07041036717062635
3,s,0.04126834522687491,0.03455723542116631
3,t,0.04948162111215834,0.04794816414686825
3,u,0.050760737848391004,0.07127429805615551
3,v,0.01871549750908846,0.021166306695464362
3,w,0.020533189713208562,0.01123110151187905
3,x,0.009829002288945739,0.005183585313174946
3,y,0.01656119563753871,0.012526997840172787
3,z,0.011108119025178402,0.004751619870410367
4,a,0.0887976302679413,0.07041036717062635
4,b,0.018984785243032178,0.010367170626349892
4,c,0.030698801669583952,0.06565874730021598
4,d,0.03709438535074727,0.029805615550755938
4,e,0.1703918136528881,0.13736501079913607
4,f,0.017369058839369865,0.01511879049676026
4,g,0.03278578160764777,0.03282937365010799
4,h,0.01905210717651811,0.012095032397408207
4,i,0.07055338629325435,0.06825053995680345
4,j,0.002827521206409048,0.0008639308855291577
4,k,0.03844082402046587,0.023758099352051837
4,l,0.058502760199272925,0.06997840172786177
4,m,0.029958260401238723,0.02937365010799136
4,n,0.0595799111350478,0.07861771058315335
4,o,0.055675238992863876,0.05701943844492441
4,p,0.031372021004443244,0.02159827213822894
4,q,0.00020196580045778916,0
4,r,0.05446344419011714,0.06565874730021598
4,s,0.039517974956240744,0.07386609071274298
4,t,0.06994748889188097,0.06004319654427646
4,u,0.03312239127507742,0.035421166306695465
4,v,0.011915982227009559,0.019870410367170625
4,w,0.00962703648848795,0.01079913606911447
4,x,0.0010098290022889458,0.0012958963282937365
4,y,0.008347919752255285,0.0012958963282937365
4,z,0.00976168035545981,0.008639308855291577
5,a,0.0595799111350478,0.027645788336933045
5,b,0.00471253534401508,0.004751619870410367
5,c,0.009829002288945739,0.013390928725701945
5,d,0.05883936986670257,0.050971922246220304
5,e,0.11700552039854585,0.18315334773218142
5,f,0.006395583681163323,0.01123110151187905
5,g,0.011512050626093982,0.017710583153347732
5,h,0.028813787531977917,0.06004319654427646
5,i,0.025716978591625153,0.004751619870410367
5,j,0.00020196580045778916,0
5,k,0.020869799380638213,0.04881209503239741
5,l,0.03628652214891612,0.06738660907127429
5,m,0.015282078901306045,0.01814254859611231
5,n,0.04160495489430457,0.056155507559395246
5,o,0.034064898343880434,0.025053995680345574
5,p,0.011108119025178402,0.024190064794816415
5,q,0.0003366096674296486,0
5,r,0.0496162649791302,0.09157667386609071
5,s,0.29210986939544903,0.015550755939524838
5,t,0.05352093712131412,0.10928725701943845
5,u,0.006462905614649253,0.00043196544276457883
5,v,0.0003366096674296486,0
5,w,0.004577891477043221,0.00734341252699784
5,x,0.005655042412818096,0.0034557235421166306
5,y,0.10280059243301468,0.1572354211663067
5,z,0.002760199272923118,0.0017278617710583153
